   , N   , Choleskio laik.      , Lygčių spr. laik.   , Didžiausio nuolydžio iteracijų skaič., Python 1-os funkcijos laik., Python 2-os funkcijos laik., Python 3-os funkcijos laik., Python 4-os funkcijos laik.
  0,    4,   0.209808349609375  , 0.022172927856445312,                                    10,        0.03600120544433594 ,        5.229949951171875   ,        2.104043960571289   ,         0.2789497375488281
  1,    9,   0.0629425048828125 , 0.032901763916015625,                                   132,        0.014066696166992188,        0.02002716064453125 ,        0.016689300537109375,         0.06890296936035156
  2,   14,   0.12493133544921875, 0.05125999450683594 ,                                   300,        0.007867813110351562,        0.015020370483398438,        0.015020370483398438,         0.07796287536621094
  3,   19,   0.20885467529296875, 0.06508827209472656 ,                                   558,        0.009059906005859375,        0.015020370483398438,        0.013828277587890625,         0.08511543273925781
  4,   24,   0.3211498260498047 , 0.0820159912109375  ,                                   868,        0.013828277587890625,        0.028133392333984375,        0.0209808349609375  ,         0.10991096496582031
  5,   29,   0.446319580078125  , 0.09441375732421875 ,                                  1272,        0.016927719116210938,        0.025987625122070312,        0.021696090698242188,         0.11014938354492188
  6,   34,   0.6048679351806641 , 0.11014938354492188 ,                                  1728,        0.6921291351318359  ,        0.8749961853027344  ,        2.285003662109375   ,         0.14281272888183594
  7,   39,   0.7989406585693359 , 0.12969970703125    ,                                  2276,        0.01621246337890625 ,        0.027894973754882812,        0.018835067749023438,         0.1533031463623047
  8,   44,   1.0020732879638672 , 0.14209747314453125 ,                                  2878,        0.024080276489257812,        0.04506111145019531 ,        0.036716461181640625,         0.19216537475585938
  9,   49,   1.2249946594238281 , 0.15974044799804688 ,                                  3572,        1.2879371643066406  ,        0.05030632019042969 ,        0.39768218994140625 ,         0.2512931823730469
 10,   54,   1.6269683837890625 , 0.1914501190185547  ,                                  4316,        0.07510185241699219 ,        0.07510185241699219 ,        0.03600120544433594 ,         0.26988983154296875
 11,   59,   1.8949508666992188 , 0.1888275146484375  ,                                  5156,        0.03409385681152344 ,        0.041961669921875   ,        0.027179718017578125,         0.2918243408203125
 12,   64,   2.0859241485595703 , 0.20551681518554688 ,                                  6046,        1.2080669403076172  ,        0.4661083221435547  ,        0.033855438232421875,         0.34308433532714844
 13,   69,   2.429962158203125  , 0.2276897430419922  ,                                  7030,        0.04887580871582031 ,        0.5750656127929688  ,        0.03218650817871094 ,         0.3840923309326172
 14,   74,   2.8247833251953125 , 0.24271011352539062 ,                                  8064,        0.27489662170410156 ,        0.053882598876953125,        0.03719329833984375 ,         0.4398822784423828
 15,   79,   3.1270980834960938 , 0.2608299255371094  ,                                  9192,        0.03790855407714844 ,        0.047206878662109375,        0.031948089599609375,         0.5259513854980469
 16,   84,   3.7393569946289062 , 0.2770423889160156  ,                                 10374,        0.04029273986816406 ,        0.056743621826171875,        0.0400543212890625  ,         0.5731582641601562
 17,   89,   3.859996795654297  , 0.28395652770996094 ,                                 11646,        0.07295608520507812 ,        0.08392333984375    ,        0.04601478576660156 ,         0.6601810455322266
 18,   94,   4.478931427001953  , 0.30994415283203125 ,                                 12972,        0.05316734313964844 ,        0.06008148193359375 ,        0.03790855407714844 ,         0.7159709930419922
 19,   99,   5.147218704223633  , 0.34165382385253906 ,                                 14390,        0.0591278076171875  ,        0.05888938903808594 ,        0.041961669921875   ,         0.8051395416259766
 20,  104,   5.610942840576172  , 0.3516674041748047  ,                                 15860,        0.06413459777832031 ,        0.06699562072753906 ,        0.041961669921875   ,         0.9050369262695312
 21,  109,   5.99980354309082   , 0.35762786865234375 ,                                 17422,        0.06604194641113281 ,        0.07295608520507812 ,        0.04506111145019531 ,         1.1188983917236328
 22,  114,   6.469011306762695  , 0.3764629364013672  ,                                 19038,        0.07390975952148438 ,        0.06914138793945312 ,        0.04696846008300781 ,         1.1281967163085938
 23,  119,   7.283926010131836  , 0.3840923309326172  ,                                 20746,        0.10418891906738281 ,        0.10514259338378906 ,        0.051975250244140625,         1.3267993927001953
 24,  124,   8.002758026123047  , 0.4608631134033203  ,                                 22504,        0.08511543273925781 ,        0.09274482727050781 ,        0.050067901611328125,         1.4939308166503906
 25,  129,   8.276939392089844  , 0.4248619079589844  ,                                 24358,        0.11014938354492188 ,        0.10895729064941406 ,        0.0629425048828125  ,         1.9068717956542969
 26,  134,   9.093999862670898  , 0.44608116149902344 ,                                 26262,        0.10967254638671875 ,        0.12421607971191406 ,        0.06103515625       ,         2.1409988403320312
 27,  139,   9.583234786987305  , 0.45418739318847656 ,                                 28260,        0.11014938354492188 ,        0.1201629638671875  ,        0.0629425048828125  ,         2.3889541625976562
 28,  144,  10.365009307861328  , 0.4868507385253906  ,                                 30310,        0.10395050048828125 ,        0.1289844512939453  ,        0.05984306335449219 ,         2.4979114532470703
 29,  149,  11.020183563232422  , 0.48995018005371094 ,                                 32452,        0.10395050048828125 ,        0.10824203491210938 ,        0.06604194641113281 ,         2.9108524322509766
 30,  154,  12.171030044555664  , 0.5362033843994141  ,                                 34646,        0.10204315185546875 ,        0.11086463928222656 ,        0.06198883056640625 ,         3.141164779663086
 31,  159,  12.82191276550293   , 0.5364418029785156  ,                                 36934,        0.1342296600341797  ,        0.14495849609375    ,        0.08511543273925781 ,         3.4799575805664062
 32,  164,  13.97395133972168   , 0.576019287109375   ,                                 39272,        0.13899803161621094 ,        0.13494491577148438 ,        0.07915496826171875 ,         3.7779808044433594
 33,  169,  14.056921005249023  , 0.5512237548828125  ,                                 41704,        0.12993812561035156 ,        0.12302398681640625 ,        0.06890296936035156 ,         4.105091094970703
 34,  174,  15.345096588134766  , 0.57220458984375    ,                                 44188,        0.14638900756835938 ,        0.13780593872070312 ,        0.07414817810058594 ,         4.428863525390625
 35,  179,  16.52216911315918   , 0.6232261657714844  ,                                 46766,        0.1850128173828125  ,        0.1800060272216797  ,        0.09584426879882812 ,         4.851818084716797
 36,  184,  16.849040985107422  , 0.6508827209472656  ,                                 49394,        0.15211105346679688 ,        0.14400482177734375 ,        0.11205673217773438 ,         5.2738189697265625
 37,  189,  18.045902252197266  , 0.659942626953125   ,                                 52116,        0.17404556274414062 ,        0.1690387725830078  ,        0.09489059448242188 ,         5.634069442749023
 38,  194,  19.26708221435547   , 0.6265640258789062  ,                                 54890,        0.1862049102783203  ,        0.1709461212158203  ,        0.10895729064941406 ,         6.011962890625
 39,  199,  20.69401741027832   , 0.6620883941650391  ,                                 57758,        0.18310546875       ,        0.1780986785888672  ,        0.09894371032714844 ,         6.466865539550781
 40,  204,  21.64292335510254   , 0.7200241088867188  ,                                 60676,        0.17690658569335938 ,        0.1761913299560547  ,        0.10085105895996094 ,         7.136106491088867
 41,  209,  22.533178329467773  , 0.7398128509521484  ,                                 63688,        0.1850128173828125  ,        0.1862049102783203  ,        0.11491775512695312 ,         7.429838180541992
 42,  214,  23.76389503479004   , 0.7588863372802734  ,                                 66752,        0.19311904907226562 ,        0.22602081298828125 ,        0.11491775512695312 ,         7.959127426147461
 43,  219,  24.89018440246582   , 0.7891654968261719  ,                                 69908,        0.21195411682128906 ,        0.21719932556152344 ,        0.11396408081054688 ,         8.455991744995117
 44,  224,  25.570154190063477  , 0.7870197296142578  ,                                 73116,        0.18596649169921875 ,        0.18906593322753906 ,        0.11897087097167969 ,         8.759021759033203
 45,  229,  27.836084365844727  , 0.8130073547363281  ,                                 76418,        0.225067138671875   ,        0.22292137145996094 ,        0.1220703125        ,         9.579896926879883
 46,  234,  28.71084213256836   , 0.8220672607421875  ,                                 79772,        0.24175643920898438 ,        0.22912025451660156 ,        0.1289844512939453  ,        10.190010070800781
 47,  239,  29.774904251098633  , 0.8378028869628906  ,                                 83218,        0.2372264862060547  ,        0.24390220642089844 ,        0.11897087097167969 ,        11.086225509643555
 48,  244,  30.310869216918945  , 0.8859634399414062  ,                                 86716,        0.2818107604980469  ,        0.25010108947753906 ,        0.1418590545654297  ,        11.560201644897461
 49,  249,  32.325029373168945  , 0.8852481842041016  ,                                 90308,        0.270843505859375   ,        0.26798248291015625 ,        0.14090538024902344 ,        12.15219497680664
 50,  254,  33.457040786743164  , 0.8461475372314453  ,                                 93950,        0.308990478515625   ,        0.29015541076660156 ,        0.141143798828125   ,        13.062715530395508
 51,  259,  33.924102783203125  , 0.8707046508789062  ,                                 97686,        0.2830028533935547  ,        0.28204917907714844 ,        0.14019012451171875 ,        13.797760009765625
 52,  264,  35.36796569824219   , 0.9367465972900391  ,                                101474,        0.25010108947753906 ,        0.24819374084472656 ,        0.1499652862548828  ,        14.475107192993164
 53,  269,  37.23502159118652   , 0.9520053863525391  ,                                105356,        0.28705596923828125 ,        0.2989768981933594  ,        0.14328956604003906 ,        15.858888626098633
 54,  274,  38.80596160888672   , 0.9675025939941406  ,                                109288,        0.3120899200439453  ,        0.31876564025878906 ,        0.1552104949951172  ,        15.864849090576172
 55,  279,  41.01681709289551   , 1.0020732879638672  ,                                113314,        0.3650188446044922  ,        0.3540515899658203  ,        0.16307830810546875 ,        17.05789566040039
 56,  284,  41.670799255371094  , 1.013040542602539   ,                                117392,        0.33473968505859375 ,        0.31113624572753906 ,        0.1709461212158203  ,        17.26698875427246
 57,  289,  43.17903518676758   , 1.0213851928710938  ,                                121562,        0.33211708068847656 ,        0.33211708068847656 ,        0.16188621520996094 ,        18.74709129333496
 58,  294,  45.10498046875      , 1.0402202606201172  ,                                125786,        0.4000663757324219  ,        0.3676414489746094  ,        0.17523765563964844 ,        19.149065017700195
 59,  299,  46.7379093170166    , 0.9968280792236328  ,                                130100,        0.3898143768310547  ,        0.37097930908203125 ,        0.17309188842773438 ,        21.061182022094727
 60,  304,  48.13885688781738   , 1.1167526245117188  ,                                134468,        0.3108978271484375  ,        0.2899169921875     ,        0.17905235290527344 ,        21.377086639404297
 61,  309,  50.440073013305664  , 1.112222671508789   ,                                138928,        0.40984153747558594 ,        0.41413307189941406 ,        0.18906593322753906 ,        22.567033767700195
 62,  314,  51.4531135559082    , 1.1279582977294922  ,                                143442,        0.47588348388671875 ,        0.45418739318847656 ,        0.19788742065429688 ,        24.4901180267334
 63,  319,  54.08501625061035   , 1.1489391326904297  ,                                148046,        0.43511390686035156 ,        0.4317760467529297  ,        0.1983642578125     ,        24.908781051635742
 64,  324,  54.8090934753418    , 1.157999038696289   ,                                152704,        0.3991127014160156  ,        0.3981590270996094  ,        0.19669532775878906 ,        25.714397430419922
 65,  329,  56.59008026123047   , 1.1203289031982422  ,                                157454,        0.4379749298095703  ,        0.44798851013183594 ,        0.2040863037109375  ,        27.51898765563965
 66,  334,  58.51387977600098   , 1.1949539184570312  ,                                162256,        0.4611015319824219  ,        0.45180320739746094 ,        0.21409988403320312 ,        28.625011444091797
 67,  339,  59.43179130554199   , 1.199960708618164   ,                                167152,        0.49304962158203125 ,        0.5140304565429688  ,        0.21696090698242188 ,        30.58910369873047
 68,  344,  61.896324157714844  , 1.2233257293701172  ,                                172098,        0.3871917724609375  ,        0.3829002380371094  ,        0.2200603485107422  ,        29.812097549438477
 69,  349,  64.0559196472168    , 1.2543201446533203  ,                                177138,        0.492095947265625   ,        0.5047321319580078  ,        0.22292137145996094 ,        32.61208534240723
 70,  354,  66.30516052246094   , 1.2841224670410156  ,                                182230,        0.4990100860595703  ,        0.5137920379638672  ,        0.2300739288330078  ,        34.230947494506836
 71,  359,  67.75403022766113   , 1.2905597686767578  ,                                187414,        0.5791187286376953  ,        0.5409717559814453  ,        0.2522468566894531  ,        36.1170768737793
 72,  364,  70.11723518371582   , 1.3191699981689453  ,                                192652,        0.4830360412597656  ,        0.49591064453125    ,        0.23818016052246094 ,        35.40205955505371
 73,  369,  71.81215286254883   , 1.3496875762939453  ,                                197982,        0.6051063537597656  ,        0.5567073822021484  ,        0.263214111328125   ,        39.0470027923584
 74,  374,  74.47695732116699   , 1.3682842254638672  ,                                203362,        0.5700588226318359  ,        0.6000995635986328  ,        0.2627372741699219  ,        38.393259048461914
 75,  379,  75.19197463989258   , 1.3751983642578125  ,                                208838,        0.5908012390136719  ,        0.6341934204101562  ,        0.2639293670654297  ,        41.53108596801758
 76,  384,  77.01611518859863   , 1.4166831970214844  ,                                214364,        0.5397796630859375  ,        0.4761219024658203  ,        0.3018379211425781  ,        42.91081428527832
 77,  389,  79.73003387451172   , 1.4102458953857422  ,                                219984,        0.6308555603027344  ,        0.6399154663085938  ,        0.2942085266113281  ,        45.08805274963379
 78,  394,  81.39276504516602   , 1.3728141784667969  ,                                225654,        0.6380081176757812  ,        0.6389617919921875  ,        0.2770423889160156  ,        45.12977600097656
 79,  399,  83.4810733795166    , 1.4607906341552734  ,                                231420,        0.6999969482421875  ,        0.6861686706542969  ,        0.28896331787109375 ,        47.44386672973633
 80,  404,  85.54983139038086   , 1.4579296112060547  ,                                237236,        0.6268024444580078  ,        0.6096363067626953  ,        0.3001689910888672  ,        50.31275749206543
 81,  409,  89.81895446777344   , 1.5010833740234375  ,                                243144,        0.8130073547363281  ,        0.8158683776855469  ,        0.3268718719482422  ,        50.681114196777344
 82,  414,  90.81172943115234   , 1.4929771423339844  ,                                249106,        0.682830810546875   ,        0.7050037384033203  ,        0.3139972686767578  ,        53.34305763244629
 83,  419,  93.67918968200684   , 1.5141963958740234  ,                                255160,        0.8268356323242188  ,        0.8130073547363281  ,        0.3180503845214844  ,        56.0147762298584
 84,  424,  96.13490104675293   , 1.5330314636230469  ,                                261266,        0.6239414215087891  ,        0.5679130554199219  ,        0.3211498260498047  ,        57.18994140625
 85,  429,  98.65593910217285   , 1.5528202056884766  ,                                267464,        0.7569789886474609  ,        0.8320808410644531  ,        0.3292560577392578  ,        57.90066719055176
 86,  434,  99.79605674743652   , 1.5492439270019531  ,                                273716,        0.7472038269042969  ,        0.7920265197753906  ,        0.33402442932128906 ,        61.077117919921875
 87,  439, 100.39615631103516   , 1.5721321105957031  ,                                280060,        1.0161399841308594  ,        0.8730888366699219  ,        0.3757476806640625  ,        64.19134140014648
 88,  444, 103.50489616394043   , 1.6021728515625     ,                                286456,        0.7917881011962891  ,        0.7481575012207031  ,        0.34880638122558594 ,        66.01524353027344
 89,  449, 105.76891899108887   , 1.6162395477294922  ,                                292944,        0.8800029754638672  ,        0.8339881896972656  ,        0.4229545593261719  ,        68.45998764038086
 90,  454, 107.01584815979004   , 1.6231536865234375  ,                                299484,        0.9357929229736328  ,        0.8790493011474609  ,        0.37097930908203125 ,        71.06876373291016
 91,  459, 110.56017875671387   , 1.657247543334961   ,                                306118,        0.9391307830810547  ,        0.9479522705078125  ,        0.3790855407714844  ,        73.29106330871582
 92,  464, 114.58396911621094   , 1.699686050415039   ,                                312804,        0.7970333099365234  ,        0.7960796356201172  ,        0.45800209045410156 ,        74.83816146850586
 93,  469, 114.41397666931152   , 1.6739368438720703  ,                                319582,        1.0578632354736328  ,        0.988006591796875   ,        0.4012584686279297  ,        79.15592193603516
 94,  474, 117.89798736572266   , 1.6908645629882812  ,                                326412,        0.9961128234863281  ,        0.9598731994628906  ,        0.4291534423828125  ,        80.18684387207031
 95,  479, 119.69780921936035   , 3.3829212188720703  ,                                333336,        0.9770393371582031  ,        1.02996826171875    ,        0.41794776916503906 ,        82.85808563232422
 96,  484, 122.90310859680176   , 1.7628669738769531  ,                                340312,        0.9279251098632812  ,        0.9243488311767578  ,        0.42176246643066406 ,        84.49602127075195
 97,  489, 125.17666816711426   , 1.7442703247070312  ,                                347380,        1.0437965393066406  ,        1.0616779327392578  ,        0.43702125549316406 ,        87.75997161865234
 98,  494, 127.5489330291748    , 1.7688274383544922  ,                                354500,        1.1289119720458984  ,        1.0540485382080078  ,        0.45108795166015625 ,        90.57259559631348
 99,  499, 132.7230930328369    , 1.7881393432617188  ,                                361712,        1.1372566223144531  ,        1.1458396911621094  ,        0.5750656127929688  ,        93.30606460571289
100,  504, 134.11307334899902   , 1.8529891967773438  ,                                368978,        0.8869171142578125  ,        0.8120536804199219  ,        0.5650520324707031  ,        96.20380401611328
101,  509, 136.31010055541992   , 1.833200454711914   ,                                376336,        1.302957534790039   ,        1.3980865478515625  ,        0.4870891571044922  ,        98.63972663879395
102,  514, 138.83090019226074   , 1.856088638305664   ,                                383746,        2.054929733276367   ,        1.1141300201416016  ,        0.5962848663330078  ,       101.69076919555664
103,  519, 141.98899269104004   , 1.8825531005859375  ,                                391248,        1.348733901977539   ,        1.1110305786132812  ,        0.6158351898193359  ,       104.91228103637695
104,  524, 144.29831504821777   , 1.905202865600586   ,                                398804,        1.1529922485351562  ,        0.9620189666748047  ,        0.6258487701416016  ,       107.46312141418457
105,  529, 147.89509773254395   , 1.9290447235107422  ,                                406452,        1.2662410736083984  ,        1.119852066040039   ,        0.6308555603027344  ,       111.16623878479004
106,  534, 150.46405792236328   , 1.9571781158447266  ,                                414150,        1.2693405151367188  ,        1.0688304901123047  ,        0.6389617919921875  ,       114.10188674926758
107,  539, 153.50008010864258   , 2.026796340942383   ,                                421944,        1.4388561248779297  ,        1.3091564178466797  ,        0.7078647613525391  ,       118.06702613830566
108,  544, 155.33804893493652   , 2.004861831665039   ,                                429788,        1.1069774627685547  ,        0.9672641754150391  ,        0.7517337799072266  ,       119.12918090820312
109,  549, 159.5001220703125    , 2.0089149475097656  ,                                437726,        1.4319419860839844  ,        1.1830329895019531  ,        0.6861686706542969  ,       124.3441104888916
110,  554, 162.7810001373291    , 2.0537376403808594  ,                                445714,        1.4691352844238281  ,        1.19781494140625    ,        0.6930828094482422  ,       127.06208229064941
111,  559, 165.0688648223877    , 2.0570755004882812  ,                                453798,        1.516103744506836   ,        1.2869834899902344  ,        0.7169246673583984  ,       130.68604469299316
112,  564, 168.35403442382812   , 2.0613670349121094  ,                                461932,        1.4052391052246094  ,        1.1677742004394531  ,        0.7159709930419922  ,       133.3601474761963
113,  569, 169.23999786376953   , 2.0818710327148438  ,                                470158,        1.6598701477050781  ,        1.3632774353027344  ,        0.7510185241699219  ,       138.05317878723145
114,  574, 172.09696769714355   , 2.107858657836914   ,                                478438,        1.5099048614501953  ,        1.3098716735839844  ,        0.7390975952148438  ,       140.8560276031494
115,  579, 177.04081535339355   , 2.1250247955322266  ,                                486810,        1.682281494140625   ,        1.7368793487548828  ,        0.7929801940917969  ,       144.98400688171387
116,  584, 179.4729232788086    , 2.1409988403320312  ,                                495234,        1.2612342834472656  ,        1.0631084442138672  ,        0.7798671722412109  ,       148.39696884155273
117,  589, 179.95882034301758   , 2.1288394927978516  ,                                503750,        1.7731189727783203  ,        1.4557838439941406  ,        0.7669925689697266  ,       152.53615379333496
118,  594, 185.16087532043457   , 2.1576881408691406  ,                                512320,        1.708984375         ,        1.4231204986572266  ,        0.7863044738769531  ,       155.6570529937744
119,  599, 188.10272216796875   , 2.1820068359375     ,                                520982,        1.8742084503173828  ,        1.5311241149902344  ,        0.8268356323242188  ,       159.79909896850586
120,  604, 196.16389274597168   , 2.341747283935547   ,                                529696,        1.7590522766113281  ,        1.4309883117675781  ,        0.84686279296875    ,       163.40923309326172
121,  609, 195.24097442626953   , 2.2411346435546875  ,                                538502,        1.8477439880371094  ,        1.5761852264404297  ,        0.8442401885986328  ,       167.85264015197754
122,  614, 196.93374633789062   , 2.2466182708740234  ,                                547360,        1.8780231475830078  ,        1.558065414428711   ,        0.8509159088134766  ,       171.3709831237793
123,  619, 198.46510887145996   , 2.376079559326172   ,                                556312,        1.8742084503173828  ,        1.6357898712158203  ,        0.8611679077148438  ,       175.87780952453613
124,  624, 204.94914054870605   , 2.3069381713867188  ,                                565316,        1.466989517211914   ,        1.2359619140625     ,        0.9322166442871094  ,       180.6020736694336
125,  629, 208.35018157958984   , 2.298116683959961   ,                                574412,        2.123117446899414   ,        1.7461776733398438  ,        0.9138584136962891  ,       184.62896347045898
126,  634, 209.99693870544434   , 2.307891845703125   ,                                583560,        2.0170211791992188  ,        1.6582012176513672  ,        0.9338855743408203  ,       187.90078163146973
127,  639, 214.21074867248535   , 2.3298263549804688  ,                                592802,        2.022981643676758   ,        1.7018318176269531  ,        0.9322166442871094  ,       193.62306594848633
128,  644, 217.11206436157227   , 2.3622512817382812  ,                                602096,        1.8796920776367188  ,        1.810312271118164   ,        0.9658336639404297  ,       197.48401641845703
129,  649, 221.574068069458     , 2.3882389068603516  ,                                611482,        2.44903564453125    ,        2.0859241485595703  ,        1.0502338409423828  ,       202.36802101135254
130,  654, 224.40600395202637   , 2.3927688598632812  ,                                620920,        1.9750595092773438  ,        1.7621517181396484  ,        1.0097026824951172  ,       206.96210861206055
131,  659, 227.68497467041016   , 2.4099349975585938  ,                                630450,        2.1886825561523438  ,        1.8389225006103516  ,        0.9808540344238281  ,       211.6379737854004
132,  664, 229.3851375579834    , 2.537250518798828   ,                                640034,        2.046823501586914   ,        1.4858245849609375  ,        1.051187515258789   ,       216.44163131713867
133,  669, 235.36419868469238   , 2.457141876220703   ,                                649710,        2.376079559326172   ,        2.0220279693603516  ,        1.016855239868164   ,       221.2679386138916
134,  674, 238.7847900390625    , 2.498149871826172   ,                                659438,        2.274036407470703   ,        2.0380020141601562  ,        1.0540485382080078  ,       226.1970043182373
135,  679, 241.41287803649902   , 2.498149871826172   ,                                669258,        2.446889877319336   ,        2.062082290649414   ,        1.0290145874023438  ,       231.4167022705078
136,  684, 246.32716178894043   , 2.5310516357421875  ,                                679132,        2.3849010467529297  ,        1.9450187683105469  ,        1.055002212524414   ,       236.96517944335938
137,  689, 248.64697456359863   , 2.577066421508789   ,                                689098,        2.554178237915039   ,        2.1419525146484375  ,        1.116037368774414   ,       240.89312553405762
138,  694, 251.1608600616455    , 2.588033676147461   ,                                699114,        2.2940635681152344  ,        2.0151138305664062  ,        1.1298656463623047  ,       246.9041347503662
139,  699, 257.3680877685547    , 2.6280879974365234  ,                                709226,        2.4700164794921875  ,        2.2449493408203125  ,        1.1372566223144531  ,       251.8289089202881
140,  704, 259.3228816986084    , 2.679109573364258   ,                                719388,        2.064228057861328   ,        1.7008781433105469  ,        1.2478828430175781  ,       254.53639030456543
141,  709, 266.6819095611572    , 2.6509761810302734  ,                                729644,        2.794027328491211   ,        2.474069595336914   ,        1.1990070343017578  ,       262.05897331237793
142,  714, 268.8009738922119    , 2.6738643646240234  ,                                739950,        2.468109130859375   ,        2.1829605102539062  ,        1.1489391326904297  ,       268.18203926086426
143,  719, 271.84391021728516   , 2.6748180389404297  ,                                750352,        2.796649932861328   ,        2.298116683959961   ,        1.2218952178955078  ,       272.9220390319824
144,  724, 273.3609676361084    , 2.665996551513672   ,                                760804,        2.5789737701416016  ,        2.393007278442383   ,        1.2409687042236328  ,       279.7360420227051
145,  729, 281.4621925354004    , 2.7208328247070312  ,                                771348,        3.299713134765625   ,        2.547025680541992   ,        1.4190673828125     ,       284.6550941467285
146,  734, 282.37199783325195   , 2.7539730072021484  ,                                781946,        2.6421546936035156  ,        2.2819042205810547  ,        1.2328624725341797  ,       290.2650833129883
147,  739, 286.6806983947754    , 2.7587413787841797  ,                                792636,        2.9070377349853516  ,        2.8302669525146484  ,        1.2688636779785156  ,       295.65978050231934
148,  744, 303.0738830566406    , 2.900838851928711   ,                                803378,        2.140045166015625   ,        1.9469261169433594  ,        1.3959407806396484  ,       302.45018005371094
149,  749, 298.2048988342285    , 2.830982208251953   ,                                814212,        3.025054931640625   ,        2.7129650115966797  ,        1.4460086822509766  ,       307.60884284973145
150,  754, 298.494815826416     , 2.803802490234375   ,                                825100,        3.117799758911133   ,        2.772808074951172   ,        1.3551712036132812  ,       314.0850067138672
151,  759, 306.8859577178955    , 2.7861595153808594  ,                                836080,        3.1280517578125     ,        2.597808837890625   ,        1.3523101806640625  ,       319.98491287231445
152,  764, 306.95295333862305   , 2.850055694580078   ,                                847112,        2.789020538330078   ,        2.5370121002197266  ,        1.3878345489501953  ,       326.33113861083984
153,  769, 311.8710517883301    , 2.961874008178711   ,                                858236,        3.6270618438720703  ,        3.306150436401367   ,        1.4567375183105469  ,       332.9050540924072
154,  774, 317.1079158782959    , 2.8820037841796875  ,                                869412,        3.368377685546875   ,        2.6748180389404297  ,        1.455068588256836   ,       339.8768901824951
155,  779, 320.3880786895752    , 2.9151439666748047  ,                                880682,        3.2036304473876953  ,        2.8791427612304688  ,        1.558065414428711   ,       346.49014472961426
156,  784, 324.2168426513672    , 2.983570098876953   ,                                892004,        2.562999725341797   ,        3.159046173095703   ,        1.6100406646728516  ,       355.0539016723633
157,  789, 328.624963760376     , 2.9718875885009766  ,                                903418,        3.9680004119873047  ,        3.4999847412109375  ,        1.5392303466796875  ,       360.24975776672363
158,  794, 330.8079242706299    , 2.959728240966797   ,                                914884,        3.278017044067383   ,        2.8429031372070312  ,        1.5630722045898438  ,       366.72282218933105
159,  799, 339.64014053344727   , 3.0231475830078125  ,                                926444,        3.3850669860839844  ,        2.947092056274414   ,        1.6069412231445312  ,       374.31812286376953
160,  804, 342.50330924987793   , 3.0181407928466797  ,                                938056,        3.458261489868164   ,        3.215789794921875   ,        1.5711784362792969  ,       379.81104850769043
161,  809, 345.9300994873047    , 3.016948699951172   ,                                949760,        3.607034683227539   ,        3.007173538208008   ,        1.573801040649414   ,       387.7110481262207
162,  814, 346.87018394470215   , 3.0760765075683594  ,                                961516,        3.5898685455322266  ,        3.0372142791748047  ,        1.6210079193115234  ,       394.48094367980957
163,  819, 356.9307327270508    , 3.4339427947998047  ,                                973366,        4.33802604675293    ,        3.5898685455322266  ,        1.7352104187011719  ,       402.76288986206055
164,  824, 359.42912101745605   , 3.1290054321289062  ,                                985266,        3.047943115234375   ,        2.5479793548583984  ,        1.814126968383789   ,       409.7609519958496
165,  829, 364.2001152038574    , 3.1211376190185547  ,                                997260,        3.9627552032470703  ,        3.1681060791015625  ,        1.7139911651611328  ,       417.01698303222656
166,  834, 368.75128746032715   , 3.147125244140625   ,                               1009306,        3.8530826568603516  ,        3.679990768432617   ,        1.6889572143554688  ,       423.57707023620605
167,  839, 373.0289936065674    , 3.2100677490234375  ,                               1021444,        3.9701461791992188  ,        3.3719539642333984  ,        1.7619132995605469  ,       431.80203437805176
168,  844, 374.7560977935791    , 3.195047378540039   ,                               1033636,        3.6361217498779297  ,        3.0548572540283203  ,        1.79290771484375    ,       438.9221668243408
169,  849, 380.8119297027588    , 3.2405853271484375  ,                               1045920,        4.090070724487305   ,        3.7980079650878906  ,        1.9218921661376953  ,       447.67212867736816
170,  854, 388.60106468200684   , 3.229856491088867   ,                               1058254,        4.5452117919921875  ,        3.7927627563476562  ,        1.856088638305664   ,       454.96392250061035
171,  859, 387.8159523010254    , 3.2439231872558594  ,                               1070684,        4.266023635864258   ,        3.576040267944336   ,        1.8389225006103516  ,       463.4690284729004
172,  864, 394.41514015197754   , 3.336191177368164   ,                               1083164,        3.174304962158203   ,        2.682924270629883   ,        2.045869827270508   ,       468.53137016296387
173,  869, 397.71294593811035   , 3.317117691040039   ,                               1095738,        4.715919494628906   ,        4.406929016113281   ,        1.911163330078125   ,       479.21156883239746
174,  874, 406.4929485321045    , 3.3359527587890625  ,                               1108362,        4.139184951782227   ,        3.648042678833008   ,        2.20489501953125    ,       485.8818054199219
175,  879, 411.2429618835449    , 3.366708755493164   ,                               1121082,        4.582881927490234   ,        4.0302276611328125  ,        2.034902572631836   ,       495.3498840332031
176,  884, 415.58003425598145   , 3.383159637451172   ,                               1133852,        4.245996475219727   ,        4.027843475341797   ,        2.122163772583008   ,       503.16786766052246
177,  889, 419.48604583740234   , 3.4322738647460938  ,                               1146714,        4.584074020385742   ,        3.996133804321289   ,        2.0837783813476562  ,       511.3389492034912
178,  894, 425.4741668701172    , 3.390073776245117   ,                               1159630,        4.425048828125      ,        3.856182098388672   ,        2.096891403198242   ,       519.6349620819092
179,  899, 430.33814430236816   , 3.525972366333008   ,                               1172638,        5.031108856201172   ,        4.973888397216797   ,        2.214193344116211   ,       530.7037830352783
180,  904, 431.09607696533203   , 3.4956932067871094  ,                               1185698,        3.7810802459716797  ,        3.287076950073242   ,        2.465963363647461   ,       539.0620231628418
181,  909, 439.500093460083     , 3.4990310668945312  ,                               1198852,        4.797935485839844   ,        4.124879837036133   ,        2.2132396697998047  ,       546.7658042907715
182,  914, 441.17212295532227   , 3.5359859466552734  ,                               1212056,        4.8828125           ,        4.738092422485352   ,        2.2401809692382812  ,       556.1447143554688
183,  919, 450.0420093536377    , 3.534078598022461   ,                               1225354,        5.328178405761719   ,        4.79888916015625    ,        2.2878646850585938  ,       565.7799243927002
184,  924, 450.6721496582031    , 3.587961196899414   ,                               1238704,        4.535198211669922   ,        4.179954528808594   ,        2.5300979614257812  ,       574.5799541473389
185,  929, 458.8780403137207    , 3.538846969604492   ,                               1252146,        5.522251129150391   ,        5.092859268188477   ,        2.604961395263672   ,       582.974910736084
186,  934, 465.1460647583008    , 3.6029815673828125  ,                               1265642,        4.744052886962891   ,        4.287004470825195   ,        2.382040023803711   ,       593.7731266021729
187,  939, 470.2126979827881    , 3.676176071166992   ,                               1279228,        7.353782653808594   ,        5.358219146728516   ,        2.599954605102539   ,       602.7750968933105
188,  944, 474.2000102996826    , 3.7789344787597656  ,                               1292868,        3.9391517639160156  ,        4.354000091552734   ,        2.477884292602539   ,       614.5861148834229
189,  949, 475.51894187927246   , 3.6499500274658203  ,                               1306600,        6.012916564941406   ,        6.036043167114258   ,        2.5000572204589844  ,       621.2468147277832
190,  954, 487.1220588684082    , 3.7338733673095703  ,                               1320386,        5.230188369750977   ,        5.496025085449219   ,        2.421140670776367   ,       630.4240226745605
191,  959, 479.8738956451416    , 3.6916732788085938  ,                               1334262,        5.234241485595703   ,        4.891157150268555   ,        2.4929046630859375  ,       639.6450996398926
192,  964, 486.4170551300049    , 3.7267208099365234  ,                               1348192,        5.203962326049805   ,        5.010843276977539   ,        2.580881118774414   ,       649.6231555938721
193,  969, 494.37689781188965   , 3.7178993225097656  ,                               1362214,        5.684137344360352   ,        4.84013557434082    ,        2.5069713592529297  ,       658.6818695068359
194,  974, 498.06714057922363   , 3.772735595703125   ,                               1376288,        5.753040313720703   ,        4.9648284912109375  ,        2.6361942291259766  ,       679.3270111083984
195,  979, 503.68404388427734   , 3.8089752197265625  ,                               1390456,        5.836009979248047   ,        5.789995193481445   ,        3.0410289764404297  ,       679.7456741333008
196,  984, 508.1009864807129    , 3.8521289825439453  ,                               1404674,        4.427909851074219   ,        3.886699676513672   ,        2.8133392333984375  ,       692.6989555358887
197,  989, 515.1197910308838    , 3.823995590209961   ,                               1418986,        6.019115447998047   ,        5.015134811401367   ,        2.649068832397461   ,       699.9170780181885
198,  994, 522.5369930267334    , 3.8709640502929688  ,                               1433350,        5.851984024047852   ,        5.707979202270508   ,        2.8138160705566406  ,       713.716983795166
199, 1000, 530.620813369751     , 3.969907760620117   ,                               1450696,        4.543066024780273   ,        3.9911270141601562  ,        2.972841262817383   ,       726.8881797790527
